record_id,field,target_record_id,argument_role
rec_78858b935a834f96996e2a9d46e4961d,agent.addresses_record_ids,rec_dc41a78de16f39e31079ea5147e533a6,
rec_79044e3e05f535856832154a51c8a87f,agent.addresses_record_ids,rec_78858b935a834f96996e2a9d46e4961d,
rec_eb88edbd3cdd1ce77d844d368affb702,agent.evidence_record_ids,rec_5053cc01ca8c0044b8d3f59925e2a888,data
rec_eb88edbd3cdd1ce77d844d368affb702,skills.method_record_ids,rec_4347364e90ac28cf4607e75c85f2c399,warrant
rec_eb88edbd3cdd1ce77d844d368affb702,skills.method_record_ids,rec_25e38f650b4ac0b365090b3d3f707721,warrant
rec_2f056a171ec8867c073c350da2562919,agent.prerequisite_record_ids,rec_eb88edbd3cdd1ce77d844d368affb702,
rec_3a0f62bc1262074f9c1a657e29403cd9,agent.prerequisite_record_ids,rec_2f056a171ec8867c073c350da2562919,
rec_69945ca262a0be13812fc69f7f90fd65,agent.prerequisite_record_ids,rec_2f056a171ec8867c073c350da2562919,
rec_69945ca262a0be13812fc69f7f90fd65,agent.prerequisite_record_ids,rec_4347364e90ac28cf4607e75c85f2c399,
rec_4dab0ec5f5f6e600d7ec24b5bc89bf95,agent.addresses_record_ids,rec_79044e3e05f535856832154a51c8a87f,
rec_6427ec708013a88c3bd6d089815d21ec,agent.tests_record_ids,rec_4dab0ec5f5f6e600d7ec24b5bc89bf95,
rec_6427ec708013a88c3bd6d089815d21ec,agent.prerequisite_record_ids,rec_3a0f62bc1262074f9c1a657e29403cd9,
rec_0944532bb7d56a7c673ef0c19413b5a3,agent.tests_record_ids,rec_4dab0ec5f5f6e600d7ec24b5bc89bf95,
rec_0944532bb7d56a7c673ef0c19413b5a3,skills.method_record_ids,rec_6427ec708013a88c3bd6d089815d21ec,warrant
rec_0944532bb7d56a7c673ef0c19413b5a3,skills.method_record_ids,rec_4347364e90ac28cf4607e75c85f2c399,warrant
rec_0944532bb7d56a7c673ef0c19413b5a3,skills.method_record_ids,rec_25e38f650b4ac0b365090b3d3f707721,warrant
rec_996ddd2fb171c0a2199a4019d1970653,agent.addresses_record_ids,rec_78858b935a834f96996e2a9d46e4961d,
rec_2d21f963dafe36ae2335bd207c74a610,skills.method_record_ids,rec_070cf8ff10ae8d8f729e6999e89b0a43,warrant
rec_e4822d11955faccebf5bed73e5a40750,agent.evidence_record_ids,rec_0944532bb7d56a7c673ef0c19413b5a3,data
rec_e4822d11955faccebf5bed73e5a40750,agent.evidence_record_ids,rec_2d21f963dafe36ae2335bd207c74a610,data
rec_e4822d11955faccebf5bed73e5a40750,agent.addresses_record_ids,rec_78858b935a834f96996e2a9d46e4961d,
rec_5053cc01ca8c0044b8d3f59925e2a888,skills.method_record_ids,rec_4347364e90ac28cf4607e75c85f2c399,warrant
