record_id,common.asset_format,common.record_id,common.schema_version,common.record_kind,common.source_id,common.source_locator,common.extraction_method,common.review_status,common.missing_fields,common.record_version,common.record_grain,common.extraction_run_id,common.asset_kind,common.asset_size_bytes,common.asset_sha256,common.qc_rule_set_version,common.schema_name,common.extraction_profile,common.source_part,common.source_page,common.source_section,common.source_quote,common.source_span,common.verification_run_id,common.record_updated_at,agent.finding_text,agent.statement_role,agent.knowledge_gap,agent.experiment_objective,agent.actual_observation,common.source_table_figure,common.chromosome,agent.step_condition,agent.hypothesis_stated,transform.subject_mention,transform.predicate_mention,transform.object_mention,transform.predicate_start_offset,transform.predicate_end_offset,skills.method_name,agent.claim_qualifier_text,transform.predicate_code,agent.replicate_count,agent.statistical_test,common.source_table_row_key,common.source_table_column_key,common.original_value,common.original_unit,common.measurement_name,common.measurement_value,common.measurement_unit,common.normalized_value,common.normalized_unit
rec_d0d87732dff67a2694847f7d0f0fbc61,PDF,rec_d0d87732dff67a2694847f7d0f0fbc61,3.5.0,asset_manifest,doi:10.0000/synthetic.2026.002,document,model,pending_review,"{""common.asset_uri"": ""requires_external_source""}",1,asset_unit,run_example_heat,raw_pdf,2904,3b7b2d44c8fa34ca7530ada4302fae62eeb29ed2cf4174a1ec3aab3de139cc3a,breeding-literature-record@3.5.0+pdf2jsonl@0.4.0,breeding-literature-record,pdf_extraction,main_text,,,,,,,,,,,,,,,,,,,,,,,,,,,,,,,,,,
rec_c679c3c2c1343cfab188306fefdbb11a,PDF,rec_c679c3c2c1343cfab188306fefdbb11a,3.5.0,asset_manifest,doi:10.0000/synthetic.2026.002,part=supplement,model,pending_review,"{""common.asset_uri"": ""requires_external_source""}",1,asset_unit,run_example_heat,raw_pdf,1691,835b7a290289d34dec43e5737ebc195b7001b19f271517b78841de9c894c0829,breeding-literature-record@3.5.0+pdf2jsonl@0.4.0,breeding-literature-record,pdf_extraction,supplement,,,,,,,,,,,,,,,,,,,,,,,,,,,,,,,,,,
rec_dc41a78de16f39e31079ea5147e533a6,,rec_dc41a78de16f39e31079ea5147e533a6,3.5.0,claim,doi:10.0000/synthetic.2026.002,page=1;section=Introduction,model,model_verified,,2,evidence_unit,run_example_heat,,,,breeding-literature-record@3.5.0+pdf2jsonl@0.4.0,breeding-literature-record,pdf_extraction,main_text,1,Introduction,Heat stress damages chloroplasts and reduces grain yield in rice.,page=1;char=452-517,ver_example_heat,2026-09-21T14:13:20Z,Heat stress damages chloroplasts and reduces grain yield in rice.,background,,,,,,,,,,,,,,,,,,,,,,,,,,
rec_78858b935a834f96996e2a9d46e4961d,,rec_78858b935a834f96996e2a9d46e4961d,3.5.0,claim,doi:10.0000/synthetic.2026.002,page=1;section=Introduction,model,model_verified,,2,evidence_unit,run_example_heat,,,,breeding-literature-record@3.5.0+pdf2jsonl@0.4.0,breeding-literature-record,pdf_extraction,main_text,1,Introduction,How heat signals are transduced from the plasma membrane to chloroplasts remains unknown.,page=1;char=518-607,ver_example_heat,2026-09-21T14:13:20Z,,research_question,How heat signals are transduced from the plasma membrane to chloroplasts remains unknown.,,,,,,,,,,,,,,,,,,,,,,,,,
rec_79044e3e05f535856832154a51c8a87f,,rec_79044e3e05f535856832154a51c8a87f,3.5.0,claim,doi:10.0000/synthetic.2026.002,page=1;section=Introduction,model,model_verified,,2,evidence_unit,run_example_heat,,,,breeding-literature-record@3.5.0+pdf2jsonl@0.4.0,breeding-literature-record,pdf_extraction,main_text,1,Introduction,The objective of this study was to identify genes underlying natural variation in thermotolerance.,page=1;char=608-706,ver_example_heat,2026-09-21T14:13:20Z,,objective,,identify genes underlying natural variation in thermotolerance,,,,,,,,,,,,,,,,,,,,,,,,
rec_eb88edbd3cdd1ce77d844d368affb702,,rec_eb88edbd3cdd1ce77d844d368affb702,3.5.0,observation,doi:10.0000/synthetic.2026.002,page=2;section=Results,model,model_verified,,2,evidence_unit,run_example_heat,,,,breeding-literature-record@3.5.0+pdf2jsonl@0.4.0,breeding-literature-record,pdf_extraction,main_text,2,Results,"A chromosome segment substitution line, SL14, showed higher survival than the recurrent parent WY after 12 h of heat treatment (fig. S1).",page=2;char=8-145,ver_example_heat,2026-09-21T14:13:20Z,,result,,,"SL14, showed higher survival than the recurrent parent WY after 12 h of heat treatment",,,,,,,,,,,,,,,,,,,,,,,
rec_2f056a171ec8867c073c350da2562919,,rec_2f056a171ec8867c073c350da2562919,3.5.0,method,doi:10.0000/synthetic.2026.002,page=2;section=Results,model,model_verified,,2,evidence_unit,run_example_heat,,,,breeding-literature-record@3.5.0+pdf2jsonl@0.4.0,breeding-literature-record,pdf_extraction,main_text,2,Results,We backcrossed SL14 to WY to construct a mapping population.,page=2;char=146-206,ver_example_heat,2026-09-21T14:13:20Z,,,,construct a mapping population,,,,,,,,,,,,,,,,,,,,,,,,
rec_3a0f62bc1262074f9c1a657e29403cd9,,rec_3a0f62bc1262074f9c1a657e29403cd9,3.5.0,analysis_result,doi:10.0000/synthetic.2026.002,page=2;section=Results;table=Table 1,model,model_verified,"{""common.record_grain"": ""ambiguous_in_contract""}",2,,run_example_heat,,,,breeding-literature-record@3.5.0+pdf2jsonl@0.4.0,breeding-literature-record,pdf_extraction,main_text,2,Results,"Using 1,614 BC4F3 plants from this population, qHT3 was narrowed to a 36.6 kb interval on chromosome 3 (Table 1).",page=2;char=207-320,ver_example_heat,2026-09-21T14:13:20Z,,result,,,,Table 1,3,,,,,,,,,,,,,,,,,,,,,
rec_69945ca262a0be13812fc69f7f90fd65,,rec_69945ca262a0be13812fc69f7f90fd65,3.5.0,method,doi:10.0000/synthetic.2026.002,page=2;section=Results,model,model_verified,,2,evidence_unit,run_example_heat,,,,breeding-literature-record@3.5.0+pdf2jsonl@0.4.0,breeding-literature-record,pdf_extraction,main_text,2,Results,Only recombinant plants that survived the heat treatment were advanced to the next generation.,page=2;char=321-415,ver_example_heat,2026-09-21T14:13:20Z,,,,,,,,Only recombinant plants that survived the heat treatment,,,,,,,,,,,,,,,,,,,,
rec_4dab0ec5f5f6e600d7ec24b5bc89bf95,,rec_4dab0ec5f5f6e600d7ec24b5bc89bf95,3.5.0,claim,doi:10.0000/synthetic.2026.002,page=2;section=Results,model,model_verified,,2,evidence_unit,run_example_heat,,,,breeding-literature-record@3.5.0+pdf2jsonl@0.4.0,breeding-literature-record,pdf_extraction,main_text,2,Results,"To test whether HTR1 underlies qHT3, we generated knockout lines of HTR1 in WY by CRISPR/Cas9.",page=2;char=488-582,ver_example_heat,2026-09-21T14:13:20Z,,hypothesis,,,,,,,HTR1 underlies qHT3,HTR1,underlies,qHT3,21,30,,,,,,,,,,,,,,
rec_6427ec708013a88c3bd6d089815d21ec,,rec_6427ec708013a88c3bd6d089815d21ec,3.5.0,method,doi:10.0000/synthetic.2026.002,page=2;section=Results,model,pending_review,,2,evidence_unit,run_example_heat,,,,breeding-literature-record@3.5.0+pdf2jsonl@0.4.0,breeding-literature-record,pdf_extraction,main_text,2,Results,"To test whether HTR1 underlies qHT3, we generated knockout lines of HTR1 in WY by CRISPR/Cas9.",page=2;char=488-582,ver_example_heat,2026-09-21T14:13:20Z,,,,,,,,,,,,,,,CRISPR/Cas9,,,,,,,,,,,,,
rec_0944532bb7d56a7c673ef0c19413b5a3,,rec_0944532bb7d56a7c673ef0c19413b5a3,3.5.0,observation,doi:10.0000/synthetic.2026.002,page=2;section=Results,model,pending_review,,2,evidence_unit,run_example_heat,,,,breeding-literature-record@3.5.0+pdf2jsonl@0.4.0,breeding-literature-record,pdf_extraction,main_text,2,Results,The knockout lines of HTR1 showed lower survival than WY after heat treatment (fig. S2).,page=2;char=583-671,ver_example_heat,2026-09-21T14:13:20Z,,result,,,The knockout lines of HTR1 showed lower survival than WY after heat treatment,,,,,,,,,,,,,,,,,,,,,,,
rec_996ddd2fb171c0a2199a4019d1970653,,rec_996ddd2fb171c0a2199a4019d1970653,3.5.0,claim,doi:10.0000/synthetic.2026.002,page=2;section=Results,model,model_verified,,2,evidence_unit,run_example_heat,,,,breeding-literature-record@3.5.0+pdf2jsonl@0.4.0,breeding-literature-record,pdf_extraction,main_text,2,Results,We hypothesized that HTR1 might recruit HTR2 precursors to endosomes for degradation.,page=2;char=672-757,ver_example_heat,2026-09-21T14:13:20Z,,hypothesis,,,,,,,HTR1 might recruit HTR2 precursors to endosomes for degradation,HTR1,might recruit,HTR2 precursors,26,39,,might,,,,,,,,,,,,
rec_2d21f963dafe36ae2335bd207c74a610,,rec_2d21f963dafe36ae2335bd207c74a610,3.5.0,observation,doi:10.0000/synthetic.2026.002,page=2;section=Results,model,model_verified,,2,evidence_unit,run_example_heat,,,,breeding-literature-record@3.5.0+pdf2jsonl@0.4.0,breeding-literature-record,pdf_extraction,main_text,2,Results,HTR1 interacted with HTR2 in a split-luciferase assay (fig. S3).,page=2;char=758-822,ver_example_heat,2026-09-21T14:13:20Z,,result,,,HTR1 interacted with HTR2 in a split-luciferase assay,,,,,HTR1,interacted with,HTR2,5,20,,,gene_interacts_with_gene,,,,,,,,,,,
rec_e4822d11955faccebf5bed73e5a40750,,rec_e4822d11955faccebf5bed73e5a40750,3.5.0,claim,doi:10.0000/synthetic.2026.002,page=2;section=Discussion,model,model_verified,,2,evidence_unit,run_example_heat,,,,breeding-literature-record@3.5.0+pdf2jsonl@0.4.0,breeding-literature-record,pdf_extraction,main_text,2,Discussion,These results indicate that HTR1 acts upstream of HTR2 to protect chloroplasts under heat stress.,page=2;char=834-931,ver_example_heat,2026-09-21T14:13:20Z,HTR1 acts upstream of HTR2 to protect chloroplasts under heat stress.,conclusion,,,,,,,,HTR1,acts upstream of,HTR2,33,49,,,,,,,,,,,,,,
rec_477b03ee1f164c8ec52f92b6dd7a3e40,,rec_477b03ee1f164c8ec52f92b6dd7a3e40,3.5.0,claim,doi:10.0000/synthetic.2026.002,page=2;section=Discussion,model,model_verified,,2,evidence_unit,run_example_heat,,,,breeding-literature-record@3.5.0+pdf2jsonl@0.4.0,breeding-literature-record,pdf_extraction,main_text,2,Discussion,How HTR2 accumulation damages chloroplasts remains to be determined.,page=2;char=932-1000,ver_example_heat,2026-09-21T14:13:20Z,,,How HTR2 accumulation damages chloroplasts remains to be determined.,,,,,,,,,,,,,,,,,,,,,,,,,
rec_4347364e90ac28cf4607e75c85f2c399,,rec_4347364e90ac28cf4607e75c85f2c399,3.5.0,method,doi:10.0000/synthetic.2026.002,part=supplement;page=1;section=Materials and Methods,model,model_verified,,2,evidence_unit,run_example_heat,,,,breeding-literature-record@3.5.0+pdf2jsonl@0.4.0,breeding-literature-record,pdf_extraction,supplement,1,Materials and Methods,Twelve-day-old seedlings were treated at 42 C for 14 h and survival was scored after 7 days of recovery.,part=supplement;page=1;char=203-307,ver_example_heat,2026-09-21T14:13:20Z,,,,,,,,,,,,,,,,,,,,,,,,,,,,
rec_e9fa66c06dd335641622897f8abae636,,rec_e9fa66c06dd335641622897f8abae636,3.5.0,method,doi:10.0000/synthetic.2026.002,part=supplement;page=1;section=Materials and Methods,model,model_verified,,2,evidence_unit,run_example_heat,,,,breeding-literature-record@3.5.0+pdf2jsonl@0.4.0,breeding-literature-record,pdf_extraction,supplement,1,Materials and Methods,Each line was tested in 3 biological replicates of 24 plants.,part=supplement;page=1;char=308-369,ver_example_heat,2026-09-21T14:13:20Z,,design,,,,,,,,,,,,,,,,3,,,,,,,,,,
rec_25e38f650b4ac0b365090b3d3f707721,,rec_25e38f650b4ac0b365090b3d3f707721,3.5.0,method,doi:10.0000/synthetic.2026.002,part=supplement;page=1;section=Materials and Methods,model,model_verified,,2,evidence_unit,run_example_heat,,,,breeding-literature-record@3.5.0+pdf2jsonl@0.4.0,breeding-literature-record,pdf_extraction,supplement,1,Materials and Methods,Survival rates were compared with a two-tailed t test.,part=supplement;page=1;char=370-424,ver_example_heat,2026-09-21T14:13:20Z,,design,,,,,,,,,,,,,,,,,two-tailed t test,,,,,,,,,
rec_070cf8ff10ae8d8f729e6999e89b0a43,,rec_070cf8ff10ae8d8f729e6999e89b0a43,3.5.0,method,doi:10.0000/synthetic.2026.002,part=supplement;page=1;section=Materials and Methods,model,model_verified,,2,evidence_unit,run_example_heat,,,,breeding-literature-record@3.5.0+pdf2jsonl@0.4.0,breeding-literature-record,pdf_extraction,supplement,1,Materials and Methods,Split-luciferase assays were performed in Nicotiana benthamiana leaves.,part=supplement;page=1;char=425-496,ver_example_heat,2026-09-21T14:13:20Z,,,,,,,,,,,,,,,Split-luciferase assays,,,,,,,,,,,,,
rec_5053cc01ca8c0044b8d3f59925e2a888,,rec_5053cc01ca8c0044b8d3f59925e2a888,3.5.0,phenotype_observation,doi:10.0000/synthetic.2026.002,part=supplement;page=2;section=Materials and Methods;table=Fig. S1;row=SL14;col=Survival,model,model_verified,,2,observation_unit,run_example_heat,,,,breeding-literature-record@3.5.0+pdf2jsonl@0.4.0,breeding-literature-record,pdf_extraction,supplement,2,Materials and Methods,SL14 78.5 %,part=supplement;page=2;char=68-79,ver_example_heat,2026-09-21T14:13:20Z,,,,,,Fig. S1,,,,,,,,,,,,,,SL14,Survival,78.5,%,Survival,78.5,%,78.5,%
