record_id,field,position,entity_type,mention,start,end,relation_role
rec_d0d87732dff67a2694847f7d0f0fbc61,common.crop_name,0,crop,rice,,,
rec_c679c3c2c1343cfab188306fefdbb11a,common.crop_name,0,crop,rice,,,
rec_dc41a78de16f39e31079ea5147e533a6,common.crop_name,0,crop,rice,,,
rec_dc41a78de16f39e31079ea5147e533a6,common.trait_names,0,trait,grain yield,45,56,
rec_78858b935a834f96996e2a9d46e4961d,common.crop_name,0,crop,rice,,,
rec_79044e3e05f535856832154a51c8a87f,common.crop_name,0,crop,rice,,,
rec_79044e3e05f535856832154a51c8a87f,common.trait_names,0,trait,thermotolerance,82,97,
rec_eb88edbd3cdd1ce77d844d368affb702,common.crop_name,0,crop,rice,,,
rec_eb88edbd3cdd1ce77d844d368affb702,common.germplasm_names,0,germplasm,SL14,40,44,
rec_eb88edbd3cdd1ce77d844d368affb702,common.germplasm_names,1,germplasm,WY,95,97,
rec_eb88edbd3cdd1ce77d844d368affb702,common.recurrent_parent,2,recurrent_parent,WY,95,97,
rec_2f056a171ec8867c073c350da2562919,common.crop_name,0,crop,rice,,,
rec_3a0f62bc1262074f9c1a657e29403cd9,common.crop_name,0,crop,rice,,,
rec_3a0f62bc1262074f9c1a657e29403cd9,common.qtl_names,0,qtl,qHT3,47,51,
rec_69945ca262a0be13812fc69f7f90fd65,common.crop_name,0,crop,rice,,,
rec_4dab0ec5f5f6e600d7ec24b5bc89bf95,common.crop_name,0,crop,rice,,,
rec_4dab0ec5f5f6e600d7ec24b5bc89bf95,common.gene_names,0,gene,HTR1,16,20,subject
rec_4dab0ec5f5f6e600d7ec24b5bc89bf95,common.qtl_names,1,qtl,qHT3,31,35,object
rec_6427ec708013a88c3bd6d089815d21ec,common.crop_name,0,crop,rice,,,
rec_6427ec708013a88c3bd6d089815d21ec,common.gene_names,0,gene,HTR1,16,20,
rec_0944532bb7d56a7c673ef0c19413b5a3,common.crop_name,0,crop,rice,,,
rec_0944532bb7d56a7c673ef0c19413b5a3,common.germplasm_names,0,germplasm,SL14,,,
rec_0944532bb7d56a7c673ef0c19413b5a3,common.gene_names,1,gene,HTR1,22,26,
rec_996ddd2fb171c0a2199a4019d1970653,common.crop_name,0,crop,rice,,,
rec_996ddd2fb171c0a2199a4019d1970653,common.gene_names,0,gene,HTR1,21,25,subject
rec_996ddd2fb171c0a2199a4019d1970653,common.gene_names,1,gene,HTR2,40,44,
rec_996ddd2fb171c0a2199a4019d1970653,transform.object_mention,2,entity,HTR2 precursors,40,55,object
rec_2d21f963dafe36ae2335bd207c74a610,common.crop_name,0,crop,rice,,,
rec_2d21f963dafe36ae2335bd207c74a610,common.gene_names,0,gene,HTR1,0,4,subject
rec_2d21f963dafe36ae2335bd207c74a610,common.gene_names,1,gene,HTR2,21,25,object
rec_e4822d11955faccebf5bed73e5a40750,common.crop_name,0,crop,rice,,,
rec_e4822d11955faccebf5bed73e5a40750,common.gene_names,0,gene,HTR1,28,32,subject
rec_e4822d11955faccebf5bed73e5a40750,common.gene_names,1,gene,HTR2,50,54,object
rec_477b03ee1f164c8ec52f92b6dd7a3e40,common.crop_name,0,crop,rice,,,
rec_477b03ee1f164c8ec52f92b6dd7a3e40,common.gene_names,0,gene,HTR2,4,8,
rec_4347364e90ac28cf4607e75c85f2c399,common.crop_name,0,crop,rice,,,
rec_e9fa66c06dd335641622897f8abae636,common.crop_name,0,crop,rice,,,
rec_25e38f650b4ac0b365090b3d3f707721,common.crop_name,0,crop,rice,,,
rec_070cf8ff10ae8d8f729e6999e89b0a43,common.crop_name,0,crop,rice,,,
rec_5053cc01ca8c0044b8d3f59925e2a888,common.crop_name,0,crop,rice,,,
rec_5053cc01ca8c0044b8d3f59925e2a888,common.germplasm_names,0,germplasm,SL14,0,4,
